{"Training loss": 0.037415917962789536, "lr": 0.001, "global_step": 870, "_timestamp": 1652310413, "_runtime": 1172, "_step": 26, "eval_loss": 0.4084424749578395, "train_loss": 9.079604751605075e-06}