global_step,eval_loss,train_loss
183,0.29692578038164213,0.9203028082847595
366,0.2647429815146561,0.3092499375343323
549,0.42583085707954915,0.49574413895606995
732,0.29832425756453007,0.46036478877067566
915,0.2734120804165928,0.3111983835697174
1098,0.3257775777551704,0.3702739179134369
1281,0.39998721687218264,0.180031880736351
1464,0.3876619017699376,0.18077008426189423
1647,0.4101173694003841,0.08898688107728958
1830,0.44285816407200934,0.17399047315120697
